BC1;CTGGT;1PF
BC2;GACGT;1ML
BC3;TCAGT;4PF
BC4;GCTCT;4ML
BC5;TAGCT;5PF
BC6;CGACT;5ML
BC7;CATAT;7PF
BC8;TGCAT;7ML
BC9;GTAAT;8PF
BC10;CGTTG;8ML
BC11;TACTG;9PF
BC12;GCATG;10PF
BC13;GTTGG;10ML
BC14;TGGGG;11PF
BC15;CAAGG;11ML
BC16;CCGCG;12PF
BC17;GGCCG;12ML
BC18;TTACG;13PF
BC19;TCTAG;13ML
BC20;GAGAG;14PF
BC21;CTCAG;14ML
BC22;ACTTC;15PF
BC23;CAGTC;15ML
BC24;GTCTC;16PF
BC25;TGATC;16ML
BC26;TATGC;17ML
BC27;GCGGC;18PF
BC28;CGCGC;18ML
BC29;ATAGC;19PF
BC30;CTTCC;19ML
BC31;GGTAC;20PF
BC32;TTGAC;20ML
BC33;CCAAC;21PF
BC34;GATTA;21ML
BC35;TCGTA;12PF_DUP
BC36;AGCTA;15ML_DUP
BC37;CTATA;LCR1
BC38;CCTGA;LCR2
BC39;TTCGA;LCR3
BC40;GGAGA;LCR4
BC41;TGTCA;LCR5
BC42;GTGCA;LCR6
BC43;CACCA;LCR7
BC44;ACACA;LCR8
BC45;ATTAA;LCR9
BC46;CGGAA;LCR10
BC47;GCCAA;LCR11
BC48;GTGGA;LCR12
